con,tag_id,total_distance,high_intensity_distance,sprint_distance,total_effort,hora,x_pos,y_pos,heading,direction,energy,speed,tot_distance,total_effort_diff,total_energy_diff,total_sprint_diff
18:01:156,6,30.3657,0,0,34.13,18:01:15,45.3925,67.2786,-1.76455,0,34.1287,0,30.3657,NA,NA,0
18:01:166,6,30.3657,0,0,34.1321,18:01:16,45.3925,67.2786,-1.77721,0,34.1309,0,30.3657,0.0021,0.0022,0
18:01:176,6,30.3657,0,0,34.1355,18:01:17,45.3925,67.2786,-2.37721,0,34.1327,0,30.3657,0.0034,0.0018,0
18:01:186,6,30.3657,0,0,34.1394,18:01:18,45.3925,67.2786,3.07974,0,34.1369,0,30.3657,0.0039,0.0042,0
18:01:196,6,30.3657,0,0,34.1436,18:01:19,45.3925,67.2786,-2.99597,0,34.1417,0,30.3657,0.0042,0.0048,0
18:01:206,6,30.3657,0,0,34.1514,18:01:20,45.3925,67.2786,-2.91918,0,34.1482,0,30.3657,0.0078,0.0065,0
18:01:216,6,30.3657,0,0,34.1533,18:01:21,45.3925,67.2786,-2.88884,0,34.1533,0,30.3657,0.0019,0.0051,0
18:01:226,6,30.3657,0,0,34.1569,18:01:22,45.3925,67.2786,-2.90865,0,34.1559,0,30.3657,0.0036,0.0026,0
18:01:246,6,30.3657,0,0,34.1596,18:01:24,45.3925,67.2786,-2.95594,0,34.1591,0,30.3657,0.0027,0.0032,0
18:01:256,6,30.3657,0,0,34.1598,18:01:25,45.3925,67.2786,-2.95925,0,34.1597,0,30.3657,0.0002,0.0006,0
18:01:276,6,30.3657,0,0,34.1605,18:01:27,45.3925,67.2786,-2.99114,0,34.1605,0,30.3657,0.0007,0.0008,0
18:01:286,6,30.3657,0,0,34.1606,18:01:28,45.3925,67.2786,-2.98906,0,34.1606,0,30.3657,0.0001,0.0001,0
18:01:326,6,30.3657,0,0,34.161,18:01:32,45.3925,67.2786,-3.01949,0,34.161,0,30.3657,0.0004,0.0004,0
18:01:346,6,30.3657,0,0,34.1616,18:01:34,45.3925,67.2786,-2.97092,0,34.1615,0,30.3657,0.0006,0.0005,0
18:01:366,6,30.3657,0,0,34.1619,18:01:36,45.3925,67.2786,-2.93076,0,34.1618,0,30.3657,0.0003,0.0003,0
18:01:376,6,30.3657,0,0,34.1619,18:01:37,45.3925,67.2786,-2.90879,0,34.1619,0,30.3657,0,0.0001,0
18:01:386,6,30.3657,0,0,34.1619,18:01:38,45.3925,67.2786,-2.88599,0,34.1619,0,30.3657,0,0,0
18:01:406,6,30.3657,0,0,34.162,18:01:40,45.3925,67.2786,-2.91078,0,34.162,0,30.3657,0.0001,0.0001,0
18:01:426,6,30.3657,0,0,34.162,18:01:42,45.3925,67.2786,-2.91618,0,34.162,0,30.3657,0,0,0
18:01:446,6,30.3657,0,0,34.162,18:01:44,45.3925,67.2786,-2.93476,0,34.162,0,30.3657,0,0,0
18:02:096,6,30.3657,0,0,34.1626,18:02:09,45.8436,68.0618,-1.80958,0,34.1626,0,30.3657,0.0006,0.0006,0
18:02:106,6,30.3657,0,0,34.1627,18:02:10,45.8436,68.0618,-2.0036,0,34.1627,0,30.3657,0.0001,0.0001,0
18:02:176,6,30.3657,0,0,34.1629,18:02:17,45.8709,67.9111,-1.76745,0,34.1629,0,30.3657,0.0002,0.0002,0
18:02:196,6,30.3657,0,0,34.1629,18:02:19,45.8709,67.9111,-2.19975,0,34.1629,0,30.3657,0,0,0
18:02:206,6,30.3657,0,0,34.1629,18:02:20,45.8709,67.9111,-2.41903,0,34.1629,0,30.3657,0,0,0
18:02:216,6,30.3657,0,0,34.1629,18:02:21,45.8709,67.9111,-2.52623,0,34.1629,0,30.3657,0,0,0
18:02:226,6,30.3657,0,0,34.1629,18:02:22,45.8709,67.9111,-2.64037,0,34.1629,0,30.3657,0,0,0
18:02:236,6,30.3657,0,0,34.163,18:02:23,45.8709,67.9111,-2.69675,0,34.1629,0,30.3657,0.0001,0,0
18:04:416,6,30.3657,0,0,34.1897,18:04:41,46.984,67.5376,-1.90462,0,34.1896,0,30.3657,0.0267,0.0267,0
18:04:446,6,30.3657,0,0,34.2083,18:04:44,46.984,67.5376,-2.5005,0,34.2067,0,30.3657,0.0186,0.0171,0
18:04:456,6,30.3657,0,0,34.2092,18:04:45,46.984,67.5376,-2.54541,0,34.2087,0,30.3657,0.0009,0.002,0
18:04:466,6,30.3657,0,0,34.2097,18:04:46,46.984,67.5376,-2.68428,0,34.2095,0,30.3657,0.0005,0.0008,0
18:04:506,6,30.3657,0,0,34.2109,18:04:50,46.984,67.5376,-2.72838,0,34.2109,0,30.3657,0.0012,0.0014,0
18:04:516,6,30.3657,0,0,34.2158,18:04:51,46.984,67.5376,-2.60405,0,34.2152,0,30.3657,0.0049,0.0043,0
18:04:526,6,30.3657,0,0,34.2207,18:04:52,46.984,67.5376,-3.03414,0,34.2183,0,30.3657,0.0049,0.0031,0
18:04:536,6,30.3657,0,0,34.2234,18:04:53,46.984,67.5376,-2.8351,0,34.2221,0,30.3657,0.0027,0.0038,0
18:04:546,6,30.3657,0,0,34.2247,18:04:54,46.984,67.5376,-2.96083,0,34.2238,0,30.3657,0.0013,0.0017,0
18:04:556,6,30.3657,0,0,34.2254,18:04:55,46.984,67.5376,3.13935,0,34.2252,0,30.3657,0.0007,0.0014,0
18:05:036,6,30.3657,0,0,34.2297,18:05:03,46.517,67.6553,-1.77073,0,34.2288,0,30.3657,0.0043,0.0036,0
18:05:046,6,30.3657,0,0,34.2311,18:05:04,46.517,67.6553,-1.95423,0,34.2298,0,30.3657,0.0014,0.001,0
18:05:066,6,30.3657,0,0,34.2389,18:05:06,46.517,67.6553,-2.62727,0,34.2361,0,30.3657,0.0078,0.0063,0
18:05:076,6,30.3657,0,0,34.2403,18:05:07,46.517,67.6553,-2.86221,0,34.2399,0,30.3657,0.0014,0.0038,0
18:05:106,6,30.3657,0,0,34.2427,18:05:10,46.517,67.6553,3.05521,0,34.2426,0,30.3657,0.0024,0.0027,0
18:05:126,6,30.3657,0,0,34.2429,18:05:12,46.517,67.6553,2.9319,0,34.2429,0,30.3657,0.0002,0.0003,0
18:05:146,6,30.3657,0,0,34.2431,18:05:14,46.517,67.6553,2.39432,0,34.2431,0,30.3657,0.0002,0.0002,0
18:05:156,6,30.3657,0,0,34.2437,18:05:15,46.517,67.6553,2.10167,0,34.2437,0,30.3657,0.0006,0.0006,0
18:05:166,6,30.3657,0,0,34.2442,18:05:16,46.517,67.6553,2.27867,0,34.244,0,30.3657,0.0005,0.0003,0
18:05:176,6,30.3657,0,0,34.2443,18:05:17,46.517,67.6553,2.40437,0,34.2442,0,30.3657,0.0001,0.0002,0
18:05:196,6,30.3657,0,0,34.2445,18:05:19,46.517,67.6553,2.61404,0,34.2445,0,30.3657,0.0002,0.0003,0
18:05:436,6,30.3657,0,0,34.2448,18:05:43,45.9135,67.6629,-1.95706,0,34.2448,0,30.3657,0.0003,0.0003,0
18:05:446,6,30.3657,0,0,34.245,18:05:44,45.9135,67.6629,-2.27823,0,34.245,0,30.3657,0.0002,0.0002,0
18:05:536,6,30.3657,0,0,34.2457,18:05:53,45.8709,67.812,-1.81988,0,34.2457,0,30.3657,0.0007,0.0007,0
18:05:566,6,30.3657,0,0,34.2459,18:05:56,45.8709,67.812,-2.21637,0,34.2459,0,30.3657,0.0002,0.0002,0
18:05:596,6,30.3657,0,0,34.246,18:05:59,45.8709,67.812,-2.45388,0,34.246,0,30.3657,0.0001,0.0001,0
18:06:246,6,30.3657,0,0,34.2465,18:06:24,47.1282,67.4474,-2.01549,0,34.2463,0,30.3657,0.0005,0.0003,0
18:06:266,6,30.3657,0,0,34.2468,18:06:26,47.1282,67.4474,-2.54648,0,34.2468,0,30.3657,0.0003,0.0005,0
18:06:276,6,30.3657,0,0,34.2471,18:06:27,47.1282,67.4474,-2.72001,0,34.247,0,30.3657,0.0003,0.0002,0
18:06:286,6,30.3657,0,0,34.2471,18:06:28,47.1282,67.4474,-2.85168,0,34.2471,0,30.3657,0,0.0001,0
18:06:296,6,30.3657,0,0,34.2471,18:06:29,47.1282,67.4474,-2.9611,0,34.2471,0,30.3657,0,0,0
18:06:306,6,30.3657,0,0,34.2471,18:06:30,47.1282,67.4474,-3.03243,0,34.2471,0,30.3657,0,0,0
18:06:326,6,30.3657,0,0,34.2471,18:06:32,47.1282,67.4474,-3.11573,0,34.2471,0,30.3657,0,0,0
18:06:336,6,30.3657,0,0,34.2471,18:06:33,47.1282,67.4474,3.12766,0,34.2471,0,30.3657,0,0,0
18:06:356,6,30.3657,0,0,34.2471,18:06:35,47.1282,67.4474,3.11726,0,34.2471,0,30.3657,0,0,0
18:06:366,6,30.3657,0,0,34.2472,18:06:36,47.1282,67.4474,3.09843,0,34.2472,0,30.3657,0.0001,0.0001,0
18:06:376,6,30.3657,0,0,34.2472,18:06:37,47.1282,67.4474,3.08031,0,34.2472,0,30.3657,0,0,0
18:06:396,6,30.3657,0,0,34.2472,18:06:39,47.1282,67.4474,3.08118,0,34.2472,0,30.3657,0,0,0
18:06:406,6,30.3657,0,0,34.2478,18:06:40,47.1282,67.4474,-3.02918,0,34.2474,0,30.3657,0.0006,0.0002,0
18:06:466,6,30.3657,0,0,34.2492,18:06:46,45.6117,67.7039,-1.64047,0,34.249,0,30.3657,0.0014,0.0016,0
18:06:486,6,30.3657,0,0,34.2493,18:06:48,45.6117,67.7039,-2.17801,0,34.2493,0,30.3657,0.0001,0.0003,0
18:06:496,6,30.3657,0,0,34.2493,18:06:49,45.6117,67.7039,-2.36071,0,34.2493,0,30.3657,0,0,0
18:08:006,6,30.4482,0,0,34.6983,18:08:00,46.9706,67.419,2.19675,-0.244979,34.6045,0.103807,30.4014,0.449,0.3552,0
18:08:026,6,31.0029,0,0,35.0426,18:08:02,46.8697,67.7224,2.30015,-0.543206,34.9378,0.300521,30.7224,0.3443,0.3333,0
18:08:036,6,31.1675,0,0,35.097,18:08:03,46.5648,67.9023,2.23252,-1.32313,35.0466,0.413307,31.086,0.0544,0.1088,0
18:08:046,6,31.1675,0,0,35.1397,18:08:04,46.3751,67.9418,2.21922,0,35.1208,0,31.1675,0.0427,0.0742,0
18:08:226,6,31.1675,0,0,35.2708,18:08:22,46.7158,66.8154,-2.09218,0,35.2705,0,31.1675,0.1311,0.1497,0
18:08:526,6,34.1233,0.937756,1.14067,35.4918,18:08:52,41.1826,67.1103,-0.416198,0,35.4682,0,34.1233,0.221,0.1977,1.14067
18:08:536,6,34.1233,0.937756,1.14067,35.4962,18:08:53,41.1826,67.1103,-1.1481,0,35.4939,0,34.1233,0.0044,0.0257,1.14067
18:08:546,6,34.1233,0.937756,1.14067,35.5015,18:08:54,41.1826,67.1103,-1.75002,0,35.5006,0,34.1233,0.0053,0.0067,1.14067
18:08:556,6,34.1233,0.937756,1.14067,35.5076,18:08:55,41.1826,67.1103,-2.19849,0,35.5055,0,34.1233,0.0061,0.0049,1.14067
18:08:566,6,34.1233,0.937756,1.14067,35.5084,18:08:56,41.1826,67.1103,2.913,0,35.5079,0,34.1233,0.0008,0.0024,1.14067
18:08:576,6,34.1233,0.937756,1.14067,35.509,18:08:57,41.1826,67.1103,0.875939,0,35.5089,0,34.1233,0.0006,0.001,1.14067
18:08:586,6,34.1233,0.937756,1.14067,35.5106,18:08:58,41.1826,67.1103,2.63587,0,35.5096,0,34.1233,0.0016,0.0007,1.14067
18:08:596,6,34.1233,0.937756,1.14067,35.5117,18:08:59,41.1826,67.1103,2.88118,0,35.511,0,34.1233,0.0011,0.0014,1.14067
18:09:006,6,34.1233,0.937756,1.14067,35.5122,18:09:00,41.1826,67.1103,2.89984,0,35.5118,0,34.1233,0.0005,0.0008,1.14067
18:09:016,6,34.1233,0.937756,1.14067,35.5125,18:09:01,41.1826,67.1103,2.93648,0,35.5123,0,34.1233,0.0003,0.0005,1.14067
18:09:036,6,34.1233,0.937756,1.14067,35.5129,18:09:03,41.1826,67.1103,2.91448,0,35.5128,0,34.1233,0.0004,0.0005,1.14067
18:09:046,6,34.1233,0.937756,1.14067,35.5129,18:09:04,41.1826,67.1103,2.92267,0,35.5129,0,34.1233,0,0.0001,1.14067
18:09:056,6,34.1233,0.937756,1.14067,35.5131,18:09:05,41.1826,67.1103,2.89525,0,35.5131,0,34.1233,0.0002,0.0002,1.14067
18:09:066,6,34.1233,0.937756,1.14067,35.5132,18:09:06,41.1826,67.1103,2.87835,0,35.5131,0,34.1233,0.0001,0,1.14067
18:09:076,6,34.1233,0.937756,1.14067,35.5135,18:09:07,41.1826,67.1103,2.8687,0,35.5133,0,34.1233,0.0003,0.0002,1.14067
18:11:416,6,34.3584,0.937756,1.14067,35.6058,18:11:41,46.7896,67.7218,-1.52577,-1.69817,35.5621,0.225828,34.2333,0.0923,0.0488,1.14067
18:11:426,6,34.5419,0.937756,1.14067,35.6821,18:11:42,46.6614,67.581,-1.72077,-2.84285,35.659,0.413199,34.4352,0.0763,0.0969,1.14067
18:12:196,6,34.7353,0.937756,1.14067,35.8654,18:12:19,46.7051,68.1043,-1.74365,0,35.8628,0,34.7353,0.1833,0.2038,1.14067
18:13:096,6,34.7417,0.937756,1.14067,35.9936,18:13:09,45.6644,67.2762,-2.09893,0,35.9928,0,34.7417,0.1282,0.13,1.14067
18:13:106,6,34.7417,0.937756,1.14067,36.003,18:13:10,45.6644,67.2762,-2.26312,0,35.9996,0,34.7417,0.0094,0.0068,1.14067
18:13:116,6,34.7417,0.937756,1.14067,36.0069,18:13:11,45.6644,67.2762,-2.47015,0,36.0064,0,34.7417,0.0039,0.0068,1.14067
18:13:186,6,35.4837,0.937756,1.14067,36.1463,18:13:18,45.5986,66.7879,-1.66181,0,36.1412,0,35.4837,0.1394,0.1348,1.14067
18:13:196,6,35.4837,0.937756,1.14067,36.1506,18:13:19,45.5986,66.7879,-2.04727,0,36.1493,0,35.4837,0.0043,0.0081,1.14067
18:13:206,6,35.4837,0.937756,1.14067,36.1528,18:13:20,45.5986,66.7879,-2.29825,0,36.1528,0,35.4837,0.0022,0.0035,1.14067
18:13:216,6,35.4837,0.937756,1.14067,36.1539,18:13:21,45.5986,66.7879,-2.47912,0,36.1539,0,35.4837,0.0011,0.0011,1.14067
18:13:226,6,35.4837,0.937756,1.14067,36.1626,18:13:22,45.5986,66.7879,-2.52405,0,36.1569,0,35.4837,0.0087,0.003,1.14067
18:13:286,6,35.4837,0.937756,1.14067,36.1805,18:13:28,45.5986,66.7879,-3.07346,0,36.1799,0,35.4837,0.0179,0.023,1.14067
18:13:296,6,35.4837,0.937756,1.14067,36.1812,18:13:29,45.5986,66.7879,-3.1405,0,36.1811,0,35.4837,0.0007,0.0012,1.14067
18:13:456,6,35.4837,0.937756,1.14067,36.1824,18:13:45,38.9423,70.3432,-2.64549,0,36.1824,0,35.4837,0.0012,0.0013,1.14067
18:13:466,6,35.4837,0.937756,1.14067,36.1824,18:13:46,38.9423,70.3432,-2.78993,0,36.1824,0,35.4837,0,0,1.14067
18:13:476,6,35.4837,0.937756,1.14067,36.1824,18:13:47,38.9423,70.3432,-2.85175,0,36.1824,0,35.4837,0,0,1.14067
18:13:486,6,35.4837,0.937756,1.14067,36.1824,18:13:48,38.9423,70.3432,-2.92971,0,36.1824,0,35.4837,0,0,1.14067
18:13:516,6,35.4837,0.937756,1.14067,36.1825,18:13:51,38.9423,70.3432,-2.98652,0,36.1825,0,35.4837,0.0001,0.0001,1.14067
18:13:526,6,35.4837,0.937756,1.14067,36.1826,18:13:52,38.9423,70.3432,-3.03544,0,36.1825,0,35.4837,0.0001,0,1.14067
18:13:536,6,35.4837,0.937756,1.14067,36.1826,18:13:53,38.9423,70.3432,-2.94198,0,36.1826,0,35.4837,0,0.0001,1.14067
18:14:556,6,35.4837,0.937756,1.14067,36.4016,18:14:55,46.2611,67.8541,-1.61107,0,36.4012,0,35.4837,0.219,0.2186,1.14067
18:14:566,6,35.4837,0.937756,1.14067,36.4149,18:14:56,46.2611,67.8541,-1.86406,0,36.4123,0,35.4837,0.0133,0.0111,1.14067
18:14:576,6,35.4837,0.937756,1.14067,36.4257,18:14:57,46.2611,67.8541,-2.07431,0,36.4229,0,35.4837,0.0108,0.0106,1.14067
18:14:586,6,35.4837,0.937756,1.14067,36.4296,18:14:58,46.2611,67.8541,-2.22712,0,36.4277,0,35.4837,0.0039,0.0048,1.14067
18:14:596,6,35.4837,0.937756,1.14067,36.4323,18:14:59,46.2611,67.8541,-2.41074,0,36.4316,0,35.4837,0.0027,0.0039,1.14067
18:15:006,6,35.4837,0.937756,1.14067,36.4342,18:15:00,46.2611,67.8541,-2.42516,0,36.4334,0,35.4837,0.0019,0.0018,1.14067
18:15:016,6,35.4837,0.937756,1.14067,36.435,18:15:01,46.2611,67.8541,-2.49914,0,36.4346,0,35.4837,0.0008,0.0012,1.14067
18:15:026,6,35.4837,0.937756,1.14067,36.4368,18:15:02,46.2611,67.8541,-2.62241,0,36.4359,0,35.4837,0.0018,0.0013,1.14067
18:15:116,6,35.4837,0.937756,1.14067,36.4446,18:15:11,46.7382,67.3981,-2.44223,0,36.4446,0,35.4837,0.0078,0.0087,1.14067
18:16:456,6,35.4837,0.937756,1.14067,36.5149,18:16:45,39.5015,68.4141,-2.08049,0,36.5134,0,35.4837,0.0703,0.0688,1.14067
18:17:256,6,35.4837,0.937756,1.14067,36.5931,18:17:25,45.7044,65.8209,-1.81451,0,36.5861,0,35.4837,0.0782,0.0727,1.14067
18:17:266,6,35.4837,0.937756,1.14067,36.5983,18:17:26,45.7044,65.8209,-2.18792,0,36.5963,0,35.4837,0.0052,0.0102,1.14067
18:17:526,6,35.5434,0.937756,1.14067,36.6069,18:17:52,45.8448,68.0141,-1.8673,2.05121,36.6068,0.150557,35.5271,0.0086,0.0105,1.14067
18:17:536,6,35.6459,0.937756,1.14067,36.6776,18:17:53,45.8671,68.0023,-1.89172,2.06025,36.607,0.179802,35.5523,0.0707,0.0002,1.14067
18:17:546,6,35.6459,0.937756,1.14067,36.7098,18:17:54,45.9495,67.9579,-2.18921,0,36.6802,0,35.6459,0.0322,0.0732,1.14067
18:19:356,6,35.6459,0.937756,1.14067,36.7833,18:19:35,46.4602,67.8206,1.17822,0,36.7831,0,35.6459,0.0735,0.1029,1.14067
18:19:366,6,35.6459,0.937756,1.14067,36.7834,18:19:36,46.4602,67.8206,1.32337,0,36.7834,0,35.6459,0.0001,0.0003,1.14067
18:19:566,6,35.6459,0.937756,1.14067,36.7839,18:19:56,46.0486,67.7323,1.29826,0,36.7839,0,35.6459,0.0005,0.0005,1.14067
18:19:576,6,35.6459,0.937756,1.14067,36.7839,18:19:57,46.0486,67.7323,1.3988,0,36.7839,0,35.6459,0,0,1.14067
18:20:296,6,35.6459,0.937756,1.14067,36.7839,18:20:29,46.1026,67.9565,1.48312,0,36.7839,0,35.6459,0,0,1.14067
18:20:306,6,35.6459,0.937756,1.14067,36.7897,18:20:30,46.1026,67.9565,1.81875,0,36.7867,0,35.6459,0.0058,0.0028,1.14067
18:20:316,6,35.6459,0.937756,1.14067,36.7945,18:20:31,46.1026,67.9565,2.39871,0,36.7918,0,35.6459,0.0048,0.0051,1.14067
18:20:326,6,35.6459,0.937756,1.14067,36.7966,18:20:32,46.1026,67.9565,2.80685,0,36.7959,0,35.6459,0.0021,0.0041,1.14067
18:20:336,6,35.6459,0.937756,1.14067,36.7972,18:20:33,46.1026,67.9565,-3.11707,0,36.797,0,35.6459,0.0006,0.0011,1.14067
18:20:346,6,35.6459,0.937756,1.14067,36.7982,18:20:34,46.1026,67.9565,-2.86525,0,36.7977,0,35.6459,0.001,0.0007,1.14067
18:20:356,6,35.6459,0.937756,1.14067,36.7993,18:20:35,46.1026,67.9565,-2.68477,0,36.799,0,35.6459,0.0011,0.0013,1.14067
18:20:366,6,35.6459,0.937756,1.14067,36.8,18:20:36,46.1026,67.9565,-2.50655,0,36.7996,0,35.6459,0.0007,0.0006,1.14067
18:20:376,6,35.6459,0.937756,1.14067,36.8003,18:20:37,46.1026,67.9565,-2.44372,0,36.8002,0,35.6459,0.0003,0.0006,1.14067
18:20:386,6,35.6459,0.937756,1.14067,36.8004,18:20:38,46.1026,67.9565,-2.34343,0,36.8004,0,35.6459,0.0001,0.0002,1.14067
18:20:396,6,35.6459,0.937756,1.14067,36.8004,18:20:39,46.1026,67.9565,-2.33205,0,36.8004,0,35.6459,0,0,1.14067
18:20:406,6,35.6459,0.937756,1.14067,36.8005,18:20:40,46.1026,67.9565,-2.29673,0,36.8005,0,35.6459,0.0001,0.0001,1.14067
18:20:566,6,35.7744,0.937756,1.14067,37.3224,18:20:56,46.3386,67.5148,-1.46417,-1.70218,37.3202,0.121131,35.7744,0.5219,0.5197,1.14067
18:20:576,6,35.7744,0.937756,1.14067,37.3608,18:20:57,46.3386,67.5148,-1.71072,0,37.3539,0,35.7744,0.0384,0.0337,1.14067
18:20:586,6,35.7744,0.937756,1.14067,37.3928,18:20:58,46.3386,67.5148,-2.20655,0,37.3829,0,35.7744,0.032,0.029,1.14067
18:22:176,6,35.7744,0.937756,1.14067,37.6385,18:22:17,46.4764,67.78,-1.52107,0,37.6381,0,35.7744,0.2457,0.2552,1.14067
18:22:276,6,35.7744,0.937756,1.14067,37.6731,18:22:27,46.2218,67.968,-2.31441,0,37.6723,0,35.7744,0.0346,0.0342,1.14067
18:22:306,6,35.7744,0.937756,1.14067,37.6744,18:22:30,46.2218,67.968,-2.90194,0,37.6742,0,35.7744,0.0013,0.0019,1.14067
18:22:316,6,35.7744,0.937756,1.14067,37.6745,18:22:31,46.2218,67.968,-2.95209,0,37.6745,0,35.7744,0.0001,0.0003,1.14067
18:22:326,6,35.7744,0.937756,1.14067,37.6746,18:22:32,46.2218,67.968,-3.05362,0,37.6746,0,35.7744,0.0001,0.0001,1.14067
18:22:556,6,35.7744,0.937756,1.14067,37.6768,18:22:55,46.8426,67.8419,-2.47218,0,37.6767,0,35.7744,0.0022,0.0021,1.14067
18:22:566,6,35.7744,0.937756,1.14067,37.6769,18:22:56,46.8426,67.8419,-2.69505,0,37.6769,0,35.7744,0.0001,0.0002,1.14067
18:22:596,6,35.7744,0.937756,1.14067,37.677,18:22:59,46.8426,67.8419,-3.08041,0,37.677,0,35.7744,0.0001,0.0001,1.14067
18:23:006,6,35.7744,0.937756,1.14067,37.677,18:23:00,46.8426,67.8419,-3.12302,0,37.677,0,35.7744,0,0,1.14067
18:23:016,6,35.7744,0.937756,1.14067,37.677,18:23:01,46.8426,67.8419,3.11145,0,37.677,0,35.7744,0,0,1.14067
18:23:026,6,35.7744,0.937756,1.14067,37.677,18:23:02,46.8426,67.8419,-3.12969,0,37.677,0,35.7744,0,0,1.14067
18:23:046,6,35.7744,0.937756,1.14067,37.677,18:23:04,46.8426,67.8419,3.09231,0,37.677,0,35.7744,0,0,1.14067
18:23:066,6,35.7744,0.937756,1.14067,37.6771,18:23:06,46.8426,67.8419,3.08664,0,37.6771,0,35.7744,0.0001,0.0001,1.14067
18:25:256,6,35.7783,0.937756,1.14067,37.9506,18:25:25,46.1312,67.6877,-1.82735,0,37.9458,0,35.7783,0.2735,0.2687,1.14067
18:25:276,6,35.7783,0.937756,1.14067,37.9574,18:25:27,46.1312,67.6877,-2.37012,0,37.9565,0,35.7783,0.0068,0.0107,1.14067
18:25:286,6,35.7783,0.937756,1.14067,37.9597,18:25:28,46.1312,67.6877,-2.55843,0,37.9589,0,35.7783,0.0023,0.0024,1.14067
18:25:386,6,35.7783,0.937756,1.14067,37.9608,18:25:38,39.2829,70.6029,-1.7972,0,37.9608,0,35.7783,0.0011,0.0019,1.14067
18:25:396,6,35.7783,0.937756,1.14067,37.9609,18:25:39,39.2829,70.6029,-1.9318,0,37.9608,0,35.7783,0.0001,0,1.14067
18:25:406,6,35.7783,0.937756,1.14067,37.9611,18:25:40,39.2829,70.6029,-2.21357,0,37.961,0,35.7783,0.0002,0.0002,1.14067
18:25:416,6,35.7783,0.937756,1.14067,37.9612,18:25:41,39.2829,70.6029,-2.43389,0,37.9612,0,35.7783,0.0001,0.0002,1.14067
18:25:426,6,35.7783,0.937756,1.14067,37.9613,18:25:42,39.2829,70.6029,-2.59844,0,37.9613,0,35.7783,0.0001,0.0001,1.14067
18:25:436,6,35.7783,0.937756,1.14067,37.9613,18:25:43,39.2829,70.6029,-2.70019,0,37.9613,0,35.7783,0,0,1.14067
18:25:446,6,35.7783,0.937756,1.14067,37.9613,18:25:44,39.2829,70.6029,-2.78293,0,37.9613,0,35.7783,0,0,1.14067
18:26:006,6,35.7783,0.937756,1.14067,37.9614,18:26:00,45.5457,67.7477,-1.76296,0,37.9614,0,35.7783,0.0001,0.0001,1.14067
18:26:016,6,35.7783,0.937756,1.14067,37.9614,18:26:01,45.5457,67.7477,-2.0173,0,37.9614,0,35.7783,0,0,1.14067
18:26:506,6,35.7783,0.937756,1.14067,37.9732,18:26:50,39.324,70.4246,-1.15813,0,37.9722,0,35.7783,0.0118,0.0108,1.14067
18:26:516,6,35.7783,0.937756,1.14067,37.9783,18:26:51,39.324,70.4246,-1.55081,0,37.9771,0,35.7783,0.0051,0.0049,1.14067
18:26:526,6,35.7783,0.937756,1.14067,37.9799,18:26:52,39.324,70.4246,-1.87898,0,37.9799,0,35.7783,0.0016,0.0028,1.14067
18:26:536,6,35.7783,0.937756,1.14067,37.9821,18:26:53,39.324,70.4246,-2.15384,0,37.9817,0,35.7783,0.0022,0.0018,1.14067
18:26:546,6,35.7783,0.937756,1.14067,37.9825,18:26:54,39.324,70.4246,-2.37301,0,37.9825,0,35.7783,0.0004,0.0008,1.14067
18:26:556,6,35.7783,0.937756,1.14067,37.9831,18:26:55,39.324,70.4246,-2.49538,0,37.9829,0,35.7783,0.0006,0.0004,1.14067
18:26:566,6,35.7783,0.937756,1.14067,37.9834,18:26:56,39.324,70.4246,-2.63365,0,37.9833,0,35.7783,0.0003,0.0004,1.14067
18:27:016,6,35.7783,0.937756,1.14067,37.9841,18:27:01,39.324,70.4246,-2.80135,0,37.9841,0,35.7783,0.0007,0.0008,1.14067
18:27:026,6,35.7783,0.937756,1.14067,37.9843,18:27:02,39.324,70.4246,-2.84344,0,37.9841,0,35.7783,0.0002,0,1.14067
18:27:096,6,35.7783,0.937756,1.14067,37.9846,18:27:09,46.8358,67.677,-1.81993,0,37.9846,0,35.7783,0.0003,0.0005,1.14067
18:27:106,6,35.7783,0.937756,1.14067,37.9846,18:27:10,46.8358,67.677,-1.94139,0,37.9846,0,35.7783,0,0,1.14067
18:27:126,6,35.7783,0.937756,1.14067,37.9847,18:27:12,46.8358,67.677,-2.48798,0,37.9847,0,35.7783,0.0001,0.0001,1.14067
18:27:136,6,35.7783,0.937756,1.14067,37.9855,18:27:13,46.8358,67.677,-2.64518,0,37.9848,0,35.7783,0.0008,0.0001,1.14067
18:27:146,6,35.7783,0.937756,1.14067,37.9861,18:27:14,46.8358,67.677,-2.86849,0,37.9859,0,35.7783,0.0006,0.0011,1.14067
18:27:326,6,36.9299,0.937756,1.14067,38.0865,18:27:32,38.9035,70.001,-1.36041,1.83682,37.9871,0.634976,35.9599,0.1004,0.0012,1.14067
18:27:336,6,41.8703,0.937756,1.14067,38.3966,18:27:33,40.6082,69.2878,0.389116,2.03644,38.2106,4.06039,37.8102,0.3101,0.2235,1.14067
18:27:456,6,43.5373,0.937756,1.14067,38.9577,18:27:45,39.8533,69.2557,0.521175,-0.969326,38.9435,0.6159,43.5037,0.5611,0.7329,1.14067
18:27:466,6,44.5696,0.937756,1.14067,39.089,18:27:46,39.0327,69.9315,1.95211,-0.76837,39.089,0.81743,44.5696,0.1313,0.1455,1.14067
18:28:046,6,44.902,0.937756,1.14067,39.3392,18:28:04,38.6595,70.0859,1.45085,-2.46501,39.3392,0.154992,44.902,0.2502,0.2502,1.14067
18:28:056,6,45.66,0.937756,1.14067,40.1397,18:28:05,39.0535,69.9628,0.944754,1.86357,39.9192,0.897729,45.3385,0.8005,0.58,1.14067
18:28:066,6,46.2154,0.937756,1.14067,40.5286,18:28:06,39.107,69.9268,0.931749,-1.25273,40.4161,0.902666,45.9071,0.3889,0.4969,1.14067
18:28:076,6,46.6715,0.937756,1.14067,41.024,18:28:07,38.6366,70.0109,0.855064,2.29201,40.8503,0.228779,46.4351,0.4954,0.4342,1.14067
18:28:206,6,48.6037,0.937756,1.14067,43.3439,18:28:20,38.7762,69.147,-0.0851046,2.89124,43.3158,1.22691,48.3791,2.3199,2.4655,1.14067
18:28:226,6,50.1112,0.937756,1.14067,44.1393,18:28:22,39.3872,69.192,0.344739,0.0572332,44.1259,1.17105,49.8185,0.7954,0.8101,1.14067
18:28:236,6,50.8668,0.937756,1.14067,44.3246,18:28:23,39.6633,69.9524,0.54862,1.4017,44.2644,0.489619,50.6757,0.1853,0.1385,1.14067
18:28:246,6,51.0764,0.937756,1.14067,44.3779,18:28:24,39.8255,69.8836,0.532109,-1.26408,44.3753,0.494258,50.9826,0.0533,0.1109,1.14067
18:28:256,6,51.0764,0.937756,1.14067,44.4257,18:28:25,39.7355,69.9099,0.825226,0,44.4188,0,51.0764,0.0478,0.0435,1.14067
18:28:416,6,51.477,0.937756,1.14067,44.8877,18:28:41,39.1309,70.0149,1.81675,2.64377,44.8081,0.207705,51.4205,0.462,0.3893,1.14067
18:28:436,6,52.1144,0.937756,1.14067,45.5975,18:28:43,39.0935,69.9562,-0.0627672,1.81876,45.4486,0.284741,51.9524,0.7098,0.6405,1.14067
18:28:446,6,52.3181,0.937756,1.14067,45.7697,18:28:44,39.3852,70.0578,0.809919,0.375233,45.7582,0.338493,52.3013,0.1722,0.3096,1.14067
18:28:456,6,52.5632,0.937756,1.14067,46.0352,18:28:45,39.4255,70.2785,1.14183,0.0182053,45.9869,0.108966,52.5262,0.2655,0.2287,1.14067
18:28:466,6,52.6595,0.937756,1.14067,46.2387,18:28:46,39.3657,70.2911,1.32674,-2.42999,46.1451,0.11122,52.6147,0.2035,0.1582,1.14067
18:28:476,6,52.7543,0.937756,1.14067,46.4439,18:28:47,39.3842,70.217,1.71504,2.10748,46.337,0.0841588,52.7067,0.2052,0.1919,1.14067
18:28:496,6,52.8017,0.937756,1.14067,46.5376,18:28:49,39.3496,70.2152,2.13558,0,46.5191,0,52.8017,0.0937,0.1821,1.14067
18:28:506,6,52.8017,0.937756,1.14067,46.5622,18:28:50,39.3496,70.2152,1.93217,0,46.5564,0,52.8017,0.0246,0.0373,1.14067
18:28:516,6,52.8017,0.937756,1.14067,46.5827,18:28:51,39.3496,70.2152,2.00815,0,46.5766,0,52.8017,0.0205,0.0202,1.14067
18:28:526,6,52.8017,0.937756,1.14067,46.5882,18:28:52,39.3496,70.2152,1.97824,0,46.5873,0,52.8017,0.0055,0.0107,1.14067
18:28:536,6,52.8017,0.937756,1.14067,46.5993,18:28:53,39.3496,70.2152,2.20288,0,46.5978,0,52.8017,0.0111,0.0105,1.14067
18:28:556,6,52.8017,0.937756,1.14067,46.6472,18:28:55,39.3496,70.2152,2.24243,0,46.6393,0,52.8017,0.0479,0.0415,1.14067
18:28:566,6,52.8804,0.937756,1.14067,46.6531,18:28:56,39.1809,70.355,2.53829,2.07751,46.6499,0.0760892,52.8036,0.0059,0.0106,1.14067
18:28:586,6,55.6093,0.937756,1.14067,47.7937,18:28:58,41.445,69.0262,0.746901,2.04353,47.3869,2.03485,55.4315,1.1406,0.737,1.14067
18:29:006,6,60.1611,0.937756,1.14067,52.1137,18:29:00,38.7683,70.4023,0.151271,-1.18433,51.243,1.79581,59.278,4.32,3.8561,1.14067
18:29:026,6,63.1475,0.937756,1.14067,54.6917,18:29:02,35.8391,70.6025,2.21893,-1.56255,54.1104,1.62863,62.2463,2.578,2.8674,1.14067
18:29:036,6,64.2064,0.937756,1.14067,55.516,18:29:03,34.345,70.6031,-2.53191,-1.5714,54.9677,1.52725,63.7404,0.8243,0.8573,1.14067
18:29:046,6,65.7719,0.937756,1.14067,57.5212,18:29:04,32.7675,70.6516,-1.82225,-1.55191,57.1673,1.69632,65.3188,2.0052,2.1996,1.14067
18:29:056,6,69.1833,0.937756,1.14067,60.5321,18:29:05,30.5308,70.6389,-1.13422,-1.57201,59.2778,2.77718,67.5556,3.0109,2.1105,1.14067
18:29:066,6,72.0815,0.937756,1.14067,63.3727,18:29:06,27.5262,70.5592,-1.27015,-1.63311,61.7053,3.009,70.5619,2.8406,2.4275,1.14067
18:29:076,6,73.2731,0.937756,1.14067,64.7251,18:29:07,25.0297,70.3157,-0.29713,-1.63387,64.4416,2.02857,73.0706,1.3524,2.7363,1.14067
18:29:106,6,79.9635,0.937756,1.14067,73.6395,18:29:10,18.507,70.6455,-1.31558,-1.89389,73.26,2.47116,79.838,8.9144,8.8184,1.14067
18:29:116,6,82.017,0.937756,1.14067,75.9075,18:29:11,16.4486,69.993,-0.556389,-1.44402,75.9075,1.44816,82.017,2.268,2.6475,1.14067
18:29:136,6,88.5135,0.937756,1.14067,82.0879,18:29:13,11.5316,70.1278,-0.910518,-1.53197,81.3492,4.6306,86.9948,6.1804,5.4417,1.14067
18:29:146,6,91.4353,0.937756,1.14067,85.1012,18:29:14,7.88459,70.35,0.0397875,-1.58312,84.1131,2.74902,90.6499,3.0133,2.7639,1.14067
18:29:196,6,102.393,0.937756,1.14067,96.5791,18:29:19,6.98703,70.6316,2.09175,1.56098,94.2997,2.8901,100.707,11.4779,10.1866,1.14067
18:29:216,6,108.898,0.937756,1.14067,103.547,18:29:21,13.9776,70.041,0.351073,1.60684,102.074,3.2351,107.729,6.9679,7.7743,1.14067
18:29:236,6,114.203,0.937756,1.14067,109.26,18:29:23,20.2341,71.5265,1.32969,1.46529,109.26,3.79913,114.203,5.713,7.186,1.14067
18:29:266,6,126.825,0.937756,1.14067,125.564,18:29:26,31.5021,71.0579,-0.0856659,1.68777,121.896,3.01484,125.492,16.304,12.636,1.14067
18:29:286,6,133.235,0.937756,1.14067,135.61,18:29:28,37.9878,70.2418,0.251049,1.89222,134.083,3.50371,132.041,10.046,12.187,1.14067
18:29:296,6,134.508,0.937756,1.14067,138.695,18:29:29,40.0232,68.9988,2.9191,2.94399,137.841,0.428256,134.46,3.085,3.758,1.14067
18:29:316,6,139.264,0.937756,1.14067,147.719,18:29:31,38.5549,70.561,-1.59172,-1.06969,143.665,2.00232,136.714,9.024,5.824,1.14067
18:29:326,6,140.826,0.937756,1.14067,149.518,18:29:32,35.9475,71.2463,-2.06007,-1.51389,147.942,3.32142,139.43,1.799,4.277,1.14067
18:29:356,6,152.595,0.937756,1.14067,162.346,18:29:35,23.3276,70.9832,-0.810318,-1.65596,161.723,3.70261,152.066,12.828,13.781,1.14067
18:29:366,6,157.542,0.937756,1.14067,169.729,18:29:36,20.2147,70.4323,-1.40855,-1.81512,165.876,3.15515,155.231,7.383,4.153,1.14067
18:29:376,6,159.037,0.937756,1.14067,171.303,18:29:37,16.9012,69.6555,-1.24234,-1.72951,171.202,3.87909,158.636,1.574,5.326,1.14067
18:29:396,6,166.887,0.937756,1.14067,178.215,18:29:39,8.76597,69.9497,0.0564402,-1.74083,178.144,1.75296,166.806,6.912,6.942,1.14067
18:29:406,6,167.87,0.937756,1.14067,180.367,18:29:40,8.64137,69.9175,-2.58622,1.39566,179.566,1.2523,167.569,2.152,1.422,1.14067
18:29:416,6,172.244,0.937756,1.14067,184.059,18:29:41,10.7643,70.076,-0.895049,1.43566,181.845,2.62298,169.699,3.692,2.279,1.14067
18:29:436,6,174.798,0.937756,1.14067,187.396,18:29:43,15.5972,69.9328,1.54084,1.59394,186.94,1.97776,174.596,3.337,5.095,1.14067
18:29:446,6,177.725,0.937756,1.14067,191.138,18:29:44,18.2109,70.1523,1.6659,1.55163,190.198,3.28048,177.221,3.742,3.258,1.14067
18:29:456,6,181.224,0.937756,1.14067,195.211,18:29:45,21.815,69.8297,0.207556,1.61458,194.786,3.80652,180.843,4.073,4.588,1.14067
18:29:466,6,186.676,0.937756,1.14067,200.596,18:29:46,25.5969,70.2645,0.663927,1.49126,198.224,3.73365,184.657,5.385,3.438,1.14067
18:29:476,6,191.4,0.937756,1.14067,205.954,18:29:47,29.2551,70.2809,1.47178,1.52386,202.324,3.64858,188.317,5.358,4.1,1.14067
18:29:486,6,192.937,0.937756,1.14067,208.463,18:29:48,32.4556,70.1946,0.617149,1.73487,206.002,2.51485,191.527,2.509,3.678,1.14067
18:29:496,6,193.887,0.937756,1.14067,209.599,18:29:49,34.3015,69.8973,1.64856,1.79272,209.066,1.41282,193.397,1.136,3.064,1.14067
18:29:506,6,194.25,0.937756,1.14067,209.907,18:29:50,34.7635,69.678,0.818277,-1.43129,209.706,0.596925,194.086,0.308,0.64,1.14067
18:29:516,6,196.185,0.937756,1.14067,213.662,18:29:51,33.4954,69.9886,1.59168,-1.25801,212.223,1.69093,195.393,3.755,2.517,1.14067
18:29:536,6,201.453,0.937756,1.14067,222.079,18:29:53,30.0082,70.8901,-1.17916,-1.52834,218.671,2.16412,199.013,8.417,6.448,1.14067
18:29:546,6,204.219,0.937756,1.14067,224.819,18:29:54,27.4167,71.0856,0.774213,-1.37559,222.269,3.27719,201.616,2.74,3.598,1.14067
18:29:566,6,206.481,0.937756,1.14067,228.354,18:29:56,23.2708,72.0547,-0.765897,-1.3164,227.782,2.04086,205.897,3.535,5.513,1.14067
18:29:576,6,207.608,0.937756,1.14067,230.301,18:29:57,21.6715,72.263,-2.41268,-1.73618,230.03,1.50707,207.531,1.947,2.248,1.14067
18:29:586,6,209.201,0.937756,1.14067,232.221,18:29:58,20.0439,71.9185,-2.77395,-2.04947,232.221,1.4583,209.201,1.92,2.191,1.14067
18:30:006,6,211.698,0.937756,1.14067,234.51,18:30:00,18.2715,70.762,2.6742,-0.764107,234.482,0.529619,211.675,2.289,2.261,1.14067
18:30:016,6,212.065,0.937756,1.14067,234.996,18:30:01,18.1225,70.9683,0.00175051,-1.42823,234.996,1.00307,212.065,0.486,0.514,1.14067
18:30:026,6,213.429,0.937756,1.14067,235.407,18:30:02,16.814,71.1348,-3.10919,-1.42827,235.332,0.545695,213.384,0.411,0.336,1.14067
18:30:036,6,214.022,0.937756,1.14067,235.557,18:30:03,17.1523,70.8094,1.97152,2.56256,235.555,1.30275,213.952,0.15,0.223,1.14067
18:30:066,6,226.829,4.86877,1.14067,243.852,18:30:06,9.26771,71.0921,0.313294,-1.52766,241.969,3.07858,225.382,8.295,6.414,1.14067
18:30:076,6,230.712,4.86877,1.14067,248.456,18:30:07,6.13736,71.2288,-0.0396879,-1.55184,245.639,2.84992,228.516,4.604,3.67,1.14067
18:30:086,6,232.738,4.86877,1.14067,251.367,18:30:08,3.36507,71.3877,-0.247537,-1.44708,249.509,2.95537,231.295,2.911,3.87,1.14067
18:30:096,6,234.307,4.86877,1.14067,253.39,18:30:09,0.76104,71.4912,-0.778561,-1.71054,252.966,2.07702,233.91,2.023,3.457,1.14067
18:30:126,6,241.216,4.86877,1.14067,262.441,18:30:12,2.6159,70.0459,-2.68822,1.63293,260.277,2.70813,239.278,9.051,7.311,1.14067
18:30:136,6,244.494,4.86877,1.14067,266.394,18:30:13,5.32789,69.8032,-2.8162,1.55629,263.252,2.56722,242.003,3.953,2.975,1.14067
18:30:146,6,245.896,4.86877,1.14067,267.782,18:30:14,7.95446,69.969,2.23521,1.63212,266.496,2.91325,244.639,1.388,3.244,1.14067
18:30:176,6,255.55,4.86877,1.14067,280.465,18:30:17,15.9989,70.0735,1.08732,1.10945,277.531,1.88734,252.869,12.683,11.035,1.14067
18:30:216,6,265.407,4.86877,1.14067,291.54,18:30:21,27.6178,70.9759,1.24944,1.35838,290.768,3.58709,264.696,11.075,13.237,1.14067
18:30:226,6,268.659,4.86877,1.14067,296.007,18:30:22,30.7155,71.3206,1.14393,1.65049,294.987,2.53391,267.826,4.467,4.219,1.14067
18:30:236,6,271.812,4.86877,1.14067,300.846,18:30:23,32.9518,70.8446,0.608237,1.8329,297.937,2.19534,270.116,4.839,2.95,1.14067
18:30:266,6,275.305,4.86877,1.14067,303.993,18:30:26,36.1556,71.0998,-1.24576,-1.24351,303.647,0.975874,274.186,3.147,5.71,1.14067
18:30:276,6,276.092,4.86877,1.14067,304.644,18:30:27,34.8187,71.2187,0.00267475,-1.54824,304.064,1.52901,275.531,0.651,0.417,1.14067
18:30:286,6,279.213,4.86877,1.14067,308.611,18:30:28,33.0766,71.154,1.72667,-1.63441,306.079,1.90571,277.275,3.967,2.015,1.14067
18:30:316,6,287.425,4.86877,1.14067,317.757,18:30:31,24.3599,71.8856,0.157979,-1.53357,315.45,2.88652,286.035,9.146,9.371,1.14067
18:30:326,6,289.108,4.86877,1.14067,320.631,18:30:32,22.0421,71.4045,-0.666327,-2.01835,319.039,2.24462,288.436,2.874,3.589,1.14067
18:30:346,6,294.735,4.86877,1.14067,327.631,18:30:34,16.869,70.9919,-1.52559,-1.54218,326.627,3.23123,293.685,7,7.588,1.14067
18:30:356,6,298.114,4.86877,1.14067,331.594,18:30:35,12.8698,71.2775,-1.69074,-1.53105,330.634,4.27049,297.695,3.963,4.007,1.14067
18:30:406,6,311.53,4.86877,1.14067,348.108,18:30:40,-0.050431,70.9761,-1.50587,2.63102,347.855,0.684183,310.955,16.514,17.221,1.14067
18:30:426,6,313.719,4.86877,1.14067,348.852,18:30:42,2.51894,71.146,0.876514,1.31165,348.701,1.59345,313.639,0.744,0.846,1.14067
18:30:436,6,315.9,4.86877,1.14067,351.132,18:30:43,4.09196,71.0132,0.868873,1.91695,350.493,1.75756,315.247,2.28,1.792,1.14067
18:30:456,6,319.701,4.86877,1.14067,356.201,18:30:45,7.61323,70.4486,-2.42606,1.51323,355.414,1.61767,318.86,5.069,4.921,1.14067
18:30:476,6,323.411,4.86877,1.14067,359.96,18:30:47,11.4038,70.0819,-1.28228,1.77002,359.565,2.09555,322.688,3.759,4.151,1.14067
18:30:496,6,326.836,4.86877,1.14067,366.278,18:30:49,14.6955,69.3911,-1.45613,1.19021,364.24,1.17151,326.117,6.318,4.675,1.14067
18:30:506,6,327.431,4.86877,1.14067,368.049,18:30:50,15.6897,69.6833,-2.84928,1.45261,367.068,0.489176,327.159,1.771,2.828,1.14067
18:30:516,6,327.85,4.86877,1.14067,369.735,18:30:51,15.7583,70.0776,1.88095,0.62895,368.934,0.929137,327.624,1.686,1.866,1.14067
18:30:526,6,329.719,4.86877,1.14067,371.427,18:30:52,17.2278,70.7371,2.8063,1.30701,370.572,1.89729,329.256,1.692,1.638,1.14067
18:30:546,6,332.722,4.86877,1.14067,376.184,18:30:54,20.347,70.5447,-0.207171,1.15196,375.272,1.22463,332.469,4.757,4.7,1.14067
18:30:556,6,333.909,4.86877,1.14067,377.81,18:30:55,21.3547,71.1408,1.29213,1.55227,377.681,1.13659,333.665,1.626,2.409,1.14067
18:30:576,6,337.389,4.86877,1.14067,382.352,18:30:57,24.8257,70.512,-2.27259,1.81335,382.287,1.98719,337.198,4.542,4.606,1.14067
18:30:596,6,340.747,4.86877,1.14067,388.824,18:30:59,27.6664,70.2642,-0.0356256,1.48352,387.72,1.99206,340.075,6.472,5.433,1.14067
18:31:006,6,342.159,4.86877,1.14067,390.442,18:31:00,29.5481,70.3837,-2.60844,1.56117,390.141,1.96458,341.961,1.618,2.421,1.14067
18:31:016,6,344.66,4.86877,1.14067,394.521,18:31:01,31.37,70.2857,-2.7899,1.65386,393.846,1.53744,343.786,4.079,3.705,1.14067
18:31:026,6,345.309,4.86877,1.14067,395.279,18:31:02,32.7728,70.2472,1.41187,1.55785,395.126,1.22599,345.19,0.758,1.28,1.14067
18:31:036,6,346.275,4.86877,1.14067,396.083,18:31:03,33.8047,70.2765,-0.963959,1.50199,396.064,1.05199,346.222,0.804,0.938,1.14067
18:31:046,6,347.67,4.86877,1.14067,396.804,18:31:04,34.9034,70.4193,-1.33755,1.43059,396.573,1.03509,347.33,0.721,0.509,1.14067
18:31:096,6,358.826,4.86877,1.14067,409.224,18:31:09,28.8012,71.3297,-2.44943,-1.52683,405.628,3.75622,355.497,12.42,9.055,1.14067
18:31:106,6,362.218,4.86877,1.14067,412.204,18:31:10,24.9009,71.3638,2.69478,-1.54059,409.718,3.78957,359.398,2.98,4.09,1.14067
18:31:116,6,363.776,4.86877,1.14067,414.05,18:31:11,21.1923,71.526,3.12251,-1.63068,413.011,3.45712,363.113,1.846,3.293,1.14067
18:31:126,6,367.197,4.86877,1.14067,417.959,18:31:12,18.29,70.5478,-2.95728,-1.8936,416.781,3.10638,366.199,3.909,3.77,1.14067
18:31:136,6,373.071,4.86877,1.14067,422.809,18:31:13,14.3524,70.8576,-3.08037,-1.37251,420.008,4.59029,370.197,4.85,3.227,1.14067
18:31:146,6,374.446,4.86877,1.14067,424.544,18:31:14,10.4672,70.9121,2.9761,-1.7372,424.331,3.37529,374.111,1.735,4.323,1.14067
18:31:166,6,381.892,4.86877,1.14067,432.352,18:31:16,3.74647,70.9262,-2.19996,-1.48277,431.365,3.25266,380.866,7.808,7.034,1.14067
18:31:186,6,386.396,4.86877,1.14067,434.58,18:31:18,0.0458988,72.325,0.334366,2.8035,434.469,0.956234,385.091,2.228,3.104,1.14067
18:31:196,6,388.339,4.86877,1.14067,435.406,18:31:19,1.71362,70.8572,0.220173,1.92838,434.753,2.10824,387.352,0.826,0.284,1.14067
18:31:216,6,394.16,4.86877,1.14067,442.108,18:31:21,6.40668,70.8472,-1.46412,1.48379,439.887,2.83078,392.061,6.702,5.134,1.14067
18:31:226,6,395.673,4.86877,1.14067,443.699,18:31:22,9.22027,71.0751,-1.09687,1.57283,442.913,3.00065,394.886,1.591,3.026,1.14067
18:31:236,6,401.173,4.86877,1.14067,448.728,18:31:23,12.7292,70.84,-0.676903,1.67844,445.852,3.86887,398.405,5.029,2.939,1.14067
18:31:256,6,405.745,4.86877,1.14067,454.334,18:31:25,18.1822,71.2601,0.116802,1.21992,452.221,2.45495,404.001,5.606,6.369,1.14067
18:31:266,6,407.281,4.86877,1.14067,455.643,18:31:26,21.056,71.5309,0.384891,1.66186,455.448,3.58733,406.914,1.309,3.227,1.14067
18:31:276,6,412.979,4.86877,1.14067,460.689,18:31:27,24.8237,71.0459,0.900532,1.62813,458.609,3.57918,410.714,5.046,3.161,1.14067
18:31:296,6,418.001,4.86877,1.14067,466.413,18:31:29,30.5719,71.0416,0.397537,1.60016,464.549,2.62946,416.476,5.724,5.94,1.14067
18:31:306,6,419.226,4.86877,1.14067,468.109,18:31:30,32.8052,71.032,0.22483,1.64434,467.392,2.02268,418.71,1.696,2.843,1.14067
18:31:326,6,423.624,4.86877,1.14067,472.861,18:31:32,36.7816,70.3959,2.30685,1.76405,472.673,1.53026,422.753,4.752,5.281,1.14067
18:31:336,6,424.03,4.86877,1.14067,472.964,18:31:33,37.9982,70.3513,0.758581,2.04439,472.934,0.480429,423.977,0.103,0.261,1.14067
18:31:356,6,425.111,4.86877,1.14067,473.386,18:31:35,37.3378,70.3988,2.68278,0.0979376,473.334,0.508724,425.012,0.422,0.4,1.14067
18:31:366,6,425.459,4.86877,1.14067,473.528,18:31:36,37.5873,70.6457,1.97848,1.69393,473.525,0.544129,425.43,0.142,0.191,1.14067
18:31:376,6,425.967,4.86877,1.14067,473.639,18:31:37,38.097,70.4869,1.27221,0,473.6,0,425.967,0.111,0.075,1.14067
18:31:396,6,426.145,4.86877,1.14067,473.706,18:31:39,37.685,70.5714,2.01799,0.409013,473.691,0.26742,426.07,0.067,0.091,1.14067
18:31:416,6,430.337,4.86877,1.14067,477.846,18:31:41,35.3748,71.5486,0.881347,-1.55264,475.448,2.67195,428.757,4.14,1.757,1.14067
18:31:426,6,432.088,4.86877,1.14067,479.923,18:31:42,32.4817,71.4733,0.164251,-1.54875,479.377,2.89377,431.652,2.077,3.929,1.14067
18:31:436,6,435.799,4.86877,1.14067,483.11,18:31:43,29.1811,71.8791,-0.26416,-1.4103,482.544,3.98547,434.98,3.187,3.167,1.14067
18:31:446,6,440.56,4.86877,1.14067,488.08,18:31:44,25.3191,72.3379,-1.25242,-1.54928,486.109,3.17739,438.872,4.97,3.565,1.14067
18:31:456,6,442.721,4.86877,1.14067,490.483,18:31:45,22.5013,71.8938,-1.04685,-1.86675,489.196,3.13287,441.738,2.403,3.087,1.14067
18:31:486,6,454.377,4.86877,1.14067,503.243,18:31:48,11.9439,71.3798,-2.74995,-1.55525,501.874,4.90915,452.405,12.76,12.678,1.14067
18:31:496,6,456.357,4.86877,1.14067,505.357,18:31:49,8.01125,71.0357,-2.83727,-1.6575,505.357,3.52429,456.357,2.114,3.483,1.14067
18:31:516,6,464.474,4.86877,1.14067,514.852,18:31:51,1.62588,71.3443,-2.53806,-1.40439,512.219,2.51304,462.759,9.495,6.862,1.14067
18:31:536,6,466.979,4.86877,1.14067,520.568,18:31:53,0.343314,70.8163,-1.69582,1.87216,517.906,1.60494,465.627,5.716,5.687,1.14067
18:31:546,6,467.72,4.86877,1.14067,521.916,18:31:54,2.17953,70.9485,1.31563,1.30673,521.651,2.16073,467.5,1.348,3.745,1.14067
18:31:566,6,473.398,4.86877,1.14067,530.03,18:31:56,6.77541,70.4756,3.05233,1.55943,528.183,2.06797,472.177,8.114,6.532,1.14067
18:31:576,6,476.079,4.86877,1.14067,533.499,18:31:57,9.09461,71.0347,0.350454,1.41278,531.427,2.70351,474.571,3.469,3.244,1.14067
18:31:586,6,479.646,4.86877,1.14067,537.306,18:31:58,11.712,70.4622,-2.01077,2.00788,534.421,2.64729,477.296,3.807,2.994,1.14067
18:31:596,6,480.956,4.86877,1.14067,538.617,18:31:59,14.1618,69.644,-1.56434,1.72355,537.461,2.38468,479.889,1.311,3.04,1.14067
18:32:006,6,483.439,4.86877,1.14067,544.544,18:32:00,15.8283,69.7554,-0.563299,1.23535,540.75,1.43969,481.579,5.927,3.289,1.14067
18:32:016,6,485.091,4.86877,1.14067,546.608,18:32:01,18.0569,70.2185,-0.906964,1.50437,545.025,2.84112,483.865,2.064,4.275,1.14067
18:32:026,6,486.446,4.86877,1.14067,548.594,18:32:02,20.6333,70.3382,-1.28395,1.41477,548.594,2.4176,486.446,1.986,3.569,1.14067
18:32:036,6,488.941,4.86877,1.14067,552.556,18:32:03,23.105,70.625,-1.15509,1.58493,552.556,2.69879,488.941,3.962,3.962,1.14067
18:32:086,6,501.851,4.86877,1.14067,573.675,18:32:08,34.7105,70.4448,-0.223158,1.67476,572.528,1.70261,500.569,21.119,19.972,1.14067
18:32:096,6,502.362,4.86877,1.14067,573.871,18:32:09,36.2204,70.6565,0.287832,1.09157,573.726,1.20457,502.114,0.196,1.198,1.14067
18:32:116,6,505.24,4.86877,1.14067,577.258,18:32:11,34.5658,71.2098,-3.07616,-1.79133,575.167,1.40206,504.495,3.387,1.441,1.14067
18:32:136,6,508.226,4.86877,1.14067,582.642,18:32:13,32.0913,70.8121,-0.805771,-1.18883,581.455,1.20352,507.143,5.384,6.288,1.14067
18:32:146,6,510.012,4.86877,1.14067,586.293,18:32:14,30.5243,71.3049,1.72097,-1.33132,584.293,1.89262,508.787,3.651,2.838,1.14067
18:32:156,6,510.962,4.86877,1.14067,587.686,18:32:15,28.6531,71.5222,-0.057852,-1.53723,586.717,1.90949,510.675,1.393,2.424,1.14067
18:32:166,6,512.901,4.86877,1.14067,590.471,18:32:16,26.7411,71.8391,-3.08787,-1.30718,590.297,1.93363,512.62,2.785,3.58,1.14067
18:32:186,6,515.629,4.86877,1.14067,596.798,18:32:18,24.1599,71.7385,-2.55504,-1.51809,596.335,2.35755,515.27,6.327,6.038,1.14067
18:32:216,6,520.365,4.86877,1.14067,605.804,18:32:21,19.2314,71.3104,0.591696,-1.7689,605.655,1.37228,520.297,9.006,9.32,1.14067
18:32:226,6,522.109,4.86877,1.14067,609.446,18:32:22,17.9209,71.0294,2.14025,-1.8423,607.996,1.49298,521.638,3.642,2.341,1.14067
18:32:256,6,528.91,4.86877,1.14067,620.55,18:32:25,12.3749,70.9905,1.17171,-1.68376,618.697,2.30657,527.281,11.104,10.701,1.14067
18:32:276,6,531.482,4.86877,1.14067,625.841,18:32:27,8.80825,71.3819,-2.35548,-1.50621,624.44,1.66924,530.892,5.291,5.743,1.14067
18:32:306,6,537.179,4.86877,1.14067,636.483,18:32:30,2.69491,71.6619,-0.0744154,-1.37407,636.365,2.22172,537.069,10.642,11.925,1.14067
18:32:316,6,539.093,4.86877,1.14067,640.435,18:32:31,0.762578,71.7762,0.364076,-1.91582,640.075,1.38142,539.028,3.952,3.71,1.14067
18:32:356,6,546.733,4.86877,1.14067,651.232,18:32:35,5.92179,71.05,-0.0267431,1.66763,648.253,2.19684,545.133,10.797,8.178,1.14067
18:32:366,6,547.316,4.86877,1.14067,652.293,18:32:36,8.09387,71.2157,-2.38462,1.47988,652.293,2.38641,547.316,1.061,4.04,1.14067
18:32:376,6,550.657,4.86877,1.14067,655.69,18:32:37,10.781,71.2108,2.49235,1.60639,655.284,3.1387,550.005,3.397,2.991,1.14067
18:32:386,6,554.345,4.86877,1.14067,658.948,18:32:38,14.1709,70.8871,1.67503,1.74558,658.163,3.29409,553.414,3.258,2.879,1.14067
18:32:396,6,558.251,4.86877,1.14067,663.468,18:32:39,16.8038,70.8487,0.929296,1.23493,660.938,2.30928,556.084,4.52,2.775,1.14067
18:32:406,6,559.483,4.86877,1.14067,664.949,18:32:40,19.1892,71.8061,0.318235,1.3422,663.982,2.72837,558.66,1.481,3.044,1.14067
18:32:416,6,562.555,4.86877,1.14067,668.381,18:32:41,21.9139,71.7599,0.0551356,1.70336,667.146,2.71748,561.403,3.432,3.164,1.14067
18:32:426,6,565.35,4.86877,1.14067,670.303,18:32:42,25.4045,71.7473,-0.0173055,1.56664,670.12,4.47681,564.898,1.922,2.974,1.14067
18:32:446,6,572.964,4.86877,1.14067,678.435,18:32:44,31.6977,71.3794,-0.34083,1.58679,676.459,2.27042,571.212,8.132,6.339,1.14067
18:32:456,6,574.543,4.86877,1.14067,679.944,18:32:45,34.2577,70.883,0.356916,1.85732,679.424,2.91119,573.829,1.509,2.965,1.14067
18:32:466,6,576.961,4.86877,1.14067,682.931,18:32:46,36.5914,70.3098,-0.353029,1.75595,681.685,1.6378,576.234,2.987,2.261,1.14067
18:32:476,6,577.25,4.86877,1.14067,683.165,18:32:47,37.4378,70.2563,1.44511,1.31414,683.071,0.513336,577.09,0.234,1.386,1.14067
18:32:486,6,578.354,4.86877,1.14067,683.532,18:32:48,37.8446,70.5454,-0.155623,0.098905,683.291,0.596482,577.626,0.367,0.22,1.14067
18:32:496,6,579.248,4.86877,1.14067,684.193,18:32:49,37.1202,71.2834,-0.193846,-1.1983,683.646,1.57728,578.719,0.661,0.355,1.14067
18:32:516,6,584.446,4.86877,1.14067,689.339,18:32:51,32.2308,71.1701,-1.7382,-1.64925,688.618,2.65955,583.653,5.146,4.972,1.14067
18:32:546,6,594.527,4.86877,1.14067,698.534,18:32:54,21.9428,72.1766,2.6828,-1.5935,697.903,2.63526,594.002,9.195,9.285,1.14067
18:32:566,6,601.051,4.86877,1.14067,704.893,18:32:56,15.6321,71.382,-2.59295,-1.40592,704.413,3.92314,600.459,6.359,6.51,1.14067
18:32:576,6,605.992,4.86877,1.14067,709.479,18:32:57,11.8944,71.5274,3.08123,-1.66965,707.663,3.38579,604.215,4.586,3.25,1.14067
18:33:006,6,614.563,4.86877,1.14067,716.689,18:33:00,2.23948,71.2576,1.65775,-1.37015,716.219,3.57997,613.919,7.21,8.556,1.14067
18:33:026,6,617.618,4.86877,1.14067,721.41,18:33:02,1.23399,71.3201,0.889227,1.41529,720.424,1.6413,616.483,4.721,4.205,1.14067
18:33:056,6,627.624,4.86877,1.14067,730.625,18:33:05,9.33798,70.9344,-0.762264,1.62926,728.033,2.71601,624.641,9.215,7.609,1.14067
18:33:076,6,630.687,4.86877,1.14067,734.752,18:33:07,14.9817,69.97,-1.25738,1.9355,733.611,0.615184,630.385,4.127,5.578,1.14067
18:33:096,6,638.515,4.86877,1.14067,742.339,18:33:09,20.2445,69.6561,-2.1742,1.68226,739.542,3.86831,635.701,7.587,5.931,1.14067
18:33:106,6,639.351,4.86877,1.14067,743.551,18:33:10,23.1393,69.8333,2.15758,1.3177,742.412,2.06822,638.619,1.212,2.87,1.14067
18:33:126,6,645.316,4.86877,1.14067,749.024,18:33:12,28.2777,70.5929,1.0152,1.56091,748.004,3.45865,643.835,5.473,5.592,1.14067
18:33:136,6,647.292,4.86877,1.14067,751.011,18:33:13,31.2645,70.5057,-0.0467092,1.65277,750.284,2.45231,646.825,1.987,2.28,1.14067
18:33:146,6,650.543,4.86877,1.14067,754.536,18:33:14,33.269,70.4559,0.685438,1.57607,753.064,1.79309,648.831,3.525,2.78,1.14067
18:33:166,6,652.858,4.86877,1.14067,755.656,18:33:16,36.5653,71.1256,0.794935,-0.155047,755.534,0.749963,652.456,1.12,2.47,1.14067
18:33:176,6,655.565,4.86877,1.14067,758.009,18:33:17,35.426,71.3845,1.57528,-1.66549,756.093,1.84619,653.708,2.353,0.559,1.14067
18:33:186,6,656.049,4.86877,1.14067,758.576,18:33:18,33.4823,71.193,-2.50852,-1.6412,758.022,1.92188,655.661,0.567,1.929,1.14067
18:33:196,6,660.04,4.86877,1.14067,763.175,18:33:19,31.2586,71.2763,-2.10828,-1.46686,761.142,2.69743,657.89,4.599,3.12,1.14067
18:33:216,6,664.231,4.86877,1.14067,766.853,18:33:21,24.9385,71.7071,0.541967,-1.40321,766.853,3.49625,664.231,3.678,5.711,1.14067
18:33:226,6,667.428,4.86877,1.14067,770.505,18:33:22,22.1238,72.0355,1.06866,-1.73304,770.188,2.2974,667.079,3.652,3.335,1.14067
18:33:236,6,670.679,4.86877,1.14067,775.062,18:33:23,19.8526,71.0401,0.103987,-2.05283,773.263,2.47785,669.569,4.557,3.075,1.14067
18:33:246,6,672.977,4.86877,1.14067,778.275,18:33:24,17.583,70.0407,-2.30652,-1.87818,776.574,2.43379,672.052,3.213,3.311,1.14067
18:33:266,6,676.786,4.86877,1.14067,783.364,18:33:26,13.2552,70.4507,0.427473,-1.30147,783.243,2.92461,676.497,5.089,6.669,1.14067
18:33:276,6,679.507,4.86877,1.14067,788.767,18:33:27,11.4432,70.7979,-1.83595,-1.8719,786.723,1.07429,678.361,5.403,3.48,1.14067
18:33:296,6,685.256,4.86877,1.14067,795.33,18:33:29,6.41433,69.674,0.549471,-1.54945,792.93,2.41579,683.544,6.563,6.207,1.14067
18:33:306,6,686.473,4.86877,1.14067,796.988,18:33:30,4.0731,70.372,0.601991,-1.19235,796.383,2.43246,686.004,1.658,3.453,1.14067
18:33:326,6,690.036,4.86877,1.14067,798.987,18:33:32,1.2107,71.0868,-1.26051,2.23989,798.589,0.778839,689.164,1.999,2.206,1.14067
18:33:336,6,691.002,4.86877,1.14067,799.588,18:33:33,2.42188,70.966,-1.76788,1.25022,799.343,1.34037,690.433,0.601,0.754,1.14067
18:33:346,6,693.032,4.86877,1.14067,801.415,18:33:34,4.06566,70.9809,-1.58461,1.81167,800.423,2.1441,692.109,1.827,1.08,1.14067
18:33:356,6,695.915,4.86877,1.14067,804.409,18:33:35,6.39545,70.5335,1.72666,1.60895,802.926,2.3683,694.487,2.994,2.503,1.14067
18:33:366,6,698.473,4.86877,1.14067,806.729,18:33:36,8.91157,70.6512,1.12872,1.62027,805.286,2.96803,697.008,2.32,2.36,1.14067
18:33:376,6,701.769,4.86877,1.14067,809.018,18:33:37,12.2577,70.0787,1.09383,1.73685,808.183,3.49693,700.406,2.289,2.897,1.14067
18:33:386,6,704.233,4.86877,1.14067,811.84,18:33:38,15.3237,69.7548,1.27548,1.65999,811.005,2.38118,703.49,2.822,2.822,1.14067
18:33:396,6,705.855,4.86877,1.14067,813.76,18:33:39,17.4285,69.6681,2.1797,1.49266,813.456,2.45133,705.601,1.92,2.451,1.14067
18:33:406,6,710.743,4.86877,1.14067,818.216,18:33:40,20.3767,69.7189,1.81838,1.58868,816.043,3.22516,708.553,4.456,2.587,1.14067
18:33:416,6,712.48,4.86877,1.14067,820.078,18:33:41,23.3679,70.0755,0.769438,1.40662,818.981,2.65518,711.572,1.862,2.938,1.14067
18:33:426,6,716.491,4.86877,1.14067,823.699,18:33:42,26.0609,70.1525,-0.0977194,1.59966,821.705,2.97128,714.271,3.621,2.724,1.14067
18:33:446,6,721.585,4.86877,1.14067,828.655,18:33:44,32.1094,70.4631,0.545019,1.47359,827.167,2.48411,720.334,4.956,5.462,1.14067
18:33:456,6,722.284,4.86877,1.14067,829.662,18:33:45,34.046,70.3335,0.770361,1.73861,829.662,1.70656,722.284,1.007,2.495,1.14067
18:33:476,6,725.241,4.86877,1.14067,830.865,18:33:47,36.9606,70.2242,-2.86717,0,830.839,0,725.241,1.203,1.177,1.14067
18:33:486,6,725.267,4.86877,1.14067,830.902,18:33:48,37.7754,69.9956,0.684973,0,830.895,0,725.267,0.037,0.056,1.14067
18:33:506,6,726.854,4.86877,1.14067,831.073,18:33:50,36.6576,70.8918,-2.46964,-1.63036,831.03,0.902326,726.755,0.171,0.135,1.14067
18:33:516,6,728.162,4.86877,1.14067,831.372,18:33:51,35.3798,70.9195,-1.86161,-1.44481,831.338,1.2969,728.037,0.299,0.308,1.14067
18:33:526,6,729.211,4.86877,1.14067,832.11,18:33:52,34.5396,70.6916,-1.47758,-2.45543,831.859,0.64689,728.959,0.738,0.521,1.14067
18:33:536,6,729.597,4.86877,1.14067,833.65,18:33:53,34.503,70.4757,0.132604,1.59549,832.59,0.457293,729.288,1.54,0.731,1.14067
18:33:556,6,733.058,4.86877,1.14067,837.333,18:33:55,37.4269,70.3301,0.411363,1.77623,837.035,1.70096,732.219,3.683,4.445,1.14067
18:35:426,6,739.372,4.86877,1.14067,847.776,18:35:42,45.6611,67.8267,-1.77934,1.00617,847.776,0.0724298,739.372,10.443,10.741,1.14067
18:36:186,6,739.375,4.86877,1.14067,847.906,18:36:18,45.5388,67.7258,-2.10251,0,847.906,0,739.375,0.13,0.13,1.14067
18:36:196,6,739.375,4.86877,1.14067,847.906,18:36:19,45.5388,67.7258,-2.35055,0,847.906,0,739.375,0,0,1.14067
18:36:296,6,739.375,4.86877,1.14067,847.907,18:36:29,46.0672,67.7322,-1.75871,0,847.906,0,739.375,0.001,0,1.14067
18:36:306,6,739.375,4.86877,1.14067,847.908,18:36:30,46.0672,67.7322,-2.00308,0,847.908,0,739.375,0.001,0.002,1.14067
18:40:076,6,739.375,4.86877,1.14067,847.924,18:40:07,40.244,68.8467,-1.96303,0,847.924,0,739.375,0.016,0.016,1.14067
18:40:086,6,739.375,4.86877,1.14067,847.935,18:40:08,40.244,68.8467,-2.1559,0,847.931,0,739.375,0.011,0.007,1.14067
18:40:096,6,739.375,4.86877,1.14067,847.94,18:40:09,40.244,68.8467,-2.46963,0,847.94,0,739.375,0.005,0.009,1.14067
18:40:116,6,739.375,4.86877,1.14067,847.946,18:40:11,40.244,68.8467,-2.76426,0,847.946,0,739.375,0.006,0.006,1.14067
18:40:436,6,739.82,4.86877,1.14067,847.985,18:40:43,46.4056,67.2963,-2.47458,-1.17748,847.965,1.29155,739.439,0.039,0.019,1.14067
18:40:446,6,739.98,4.86877,1.14067,848.002,18:40:44,45.7556,67.8072,-2.81571,0,848.002,0,739.98,0.017,0.037,1.14067
18:40:456,6,739.98,4.86877,1.14067,848.057,18:40:45,45.7556,67.8072,-2.79151,0,848.056,0,739.98,0.055,0.054,1.14067
18:40:466,6,739.98,4.86877,1.14067,848.084,18:40:46,45.7556,67.8072,-2.89409,0,848.077,0,739.98,0.027,0.021,1.14067
18:41:486,6,739.98,4.86877,1.14067,848.109,18:41:48,46.7322,68.0076,-0.16889,0,848.109,0,739.98,0.025,0.032,1.14067
18:41:496,6,739.98,4.86877,1.14067,848.109,18:41:49,46.7322,68.0076,-0.212444,0,848.109,0,739.98,0,0,1.14067
18:41:506,6,739.98,4.86877,1.14067,848.109,18:41:50,46.7322,68.0076,-0.323202,0,848.109,0,739.98,0,0,1.14067
18:41:516,6,739.98,4.86877,1.14067,848.109,18:41:51,46.7322,68.0076,-0.435392,0,848.109,0,739.98,0,0,1.14067
18:42:046,6,739.98,4.86877,1.14067,848.134,18:42:04,46.904,67.6132,-2.30469,0,848.131,0,739.98,0.025,0.022,1.14067
18:42:066,6,739.98,4.86877,1.14067,848.138,18:42:06,46.904,67.6132,-3.00581,0,848.138,0,739.98,0.004,0.007,1.14067
18:42:136,6,739.98,4.86877,1.14067,848.142,18:42:13,46.0461,67.8855,-2.54425,0,848.142,0,739.98,0.004,0.004,1.14067
18:42:146,6,739.98,4.86877,1.14067,848.142,18:42:14,46.0461,67.8855,-2.88441,0,848.142,0,739.98,0,0,1.14067
18:42:206,6,739.98,4.86877,1.14067,848.142,18:42:20,46.1003,68.02,-2.34639,0,848.142,0,739.98,0,0,1.14067
18:42:216,6,739.98,4.86877,1.14067,848.142,18:42:21,46.1003,68.02,-2.4148,0,848.142,0,739.98,0,0,1.14067
18:42:236,6,739.98,4.86877,1.14067,848.142,18:42:23,46.1003,68.02,-3.06215,0,848.142,0,739.98,0,0,1.14067
18:42:246,6,739.98,4.86877,1.14067,848.142,18:42:24,46.1003,68.02,2.98422,0,848.142,0,739.98,0,0,1.14067
18:42:446,6,739.98,4.86877,1.14067,848.142,18:42:44,46.1456,67.9721,-1.90082,0,848.142,0,739.98,0,0,1.14067
18:42:456,6,739.98,4.86877,1.14067,848.142,18:42:45,46.1456,67.9721,-2.27084,0,848.142,0,739.98,0,0,1.14067
18:42:466,6,739.98,4.86877,1.14067,848.142,18:42:46,46.1456,67.9721,-2.58103,0,848.142,0,739.98,0,0,1.14067
18:42:476,6,739.98,4.86877,1.14067,848.142,18:42:47,46.1456,67.9721,-2.69473,0,848.142,0,739.98,0,0,1.14067
18:42:486,6,739.98,4.86877,1.14067,848.142,18:42:48,46.1456,67.9721,-2.88405,0,848.142,0,739.98,0,0,1.14067
18:42:496,6,739.98,4.86877,1.14067,848.142,18:42:49,46.1456,67.9721,-3.01248,0,848.142,0,739.98,0,0,1.14067
18:42:506,6,739.98,4.86877,1.14067,848.142,18:42:50,46.1456,67.9721,-3.01283,0,848.142,0,739.98,0,0,1.14067
18:42:516,6,739.98,4.86877,1.14067,848.142,18:42:51,46.1456,67.9721,-3.09699,0,848.142,0,739.98,0,0,1.14067
18:42:526,6,739.98,4.86877,1.14067,848.142,18:42:52,46.1456,67.9721,-3.08515,0,848.142,0,739.98,0,0,1.14067
18:42:536,6,739.98,4.86877,1.14067,848.142,18:42:53,46.1456,67.9721,3.03259,0,848.142,0,739.98,0,0,1.14067
18:42:546,6,739.98,4.86877,1.14067,848.142,18:42:54,46.1456,67.9721,3.07516,0,848.142,0,739.98,0,0,1.14067
18:42:556,6,739.98,4.86877,1.14067,848.142,18:42:55,46.1456,67.9721,3.06156,0,848.142,0,739.98,0,0,1.14067
18:42:566,6,739.98,4.86877,1.14067,848.142,18:42:56,46.1456,67.9721,3.13409,0,848.142,0,739.98,0,0,1.14067
18:42:576,6,739.98,4.86877,1.14067,848.142,18:42:57,46.1456,67.9721,-3.11016,0,848.142,0,739.98,0,0,1.14067
18:42:586,6,739.98,4.86877,1.14067,848.142,18:42:58,46.1456,67.9721,-3.08219,0,848.142,0,739.98,0,0,1.14067
18:42:596,6,739.98,4.86877,1.14067,848.142,18:42:59,46.1456,67.9721,-3.03145,0,848.142,0,739.98,0,0,1.14067
18:43:006,6,739.98,4.86877,1.14067,848.143,18:43:00,46.1456,67.9721,-2.93259,0,848.143,0,739.98,0.001,0.001,1.14067
18:43:016,6,739.98,4.86877,1.14067,848.144,18:43:01,46.1456,67.9721,-3.01193,0,848.143,0,739.98,0.001,0,1.14067
18:43:036,6,739.98,4.86877,1.14067,848.144,18:43:03,46.1456,67.9721,-2.9708,0,848.144,0,739.98,0,0.001,1.14067
18:43:046,6,739.98,4.86877,1.14067,848.144,18:43:04,46.1456,67.9721,-2.91356,0,848.144,0,739.98,0,0,1.14067
18:43:236,6,739.98,4.86877,1.14067,848.144,18:43:23,45.6306,67.8817,-1.89787,0,848.144,0,739.98,0,0,1.14067
18:43:256,6,739.98,4.86877,1.14067,848.144,18:43:25,45.6306,67.8817,-2.3776,0,848.144,0,739.98,0,0,1.14067
18:43:276,6,739.98,4.86877,1.14067,848.144,18:43:27,45.6306,67.8817,-2.50453,0,848.144,0,739.98,0,0,1.14067
18:43:286,6,739.98,4.86877,1.14067,848.144,18:43:28,45.6306,67.8817,-2.61096,0,848.144,0,739.98,0,0,1.14067
18:43:316,6,739.98,4.86877,1.14067,848.144,18:43:31,45.6306,67.8817,-2.82116,0,848.144,0,739.98,0,0,1.14067
18:43:346,6,739.98,4.86877,1.14067,848.144,18:43:34,45.6306,67.8817,-2.87866,0,848.144,0,739.98,0,0,1.14067
18:43:356,6,739.98,4.86877,1.14067,848.144,18:43:35,45.6306,67.8817,-2.88106,0,848.144,0,739.98,0,0,1.14067
18:43:376,6,739.98,4.86877,1.14067,848.144,18:43:37,45.6306,67.8817,-2.96225,0,848.144,0,739.98,0,0,1.14067
18:43:396,6,739.98,4.86877,1.14067,848.144,18:43:39,45.6306,67.8817,-3.03319,0,848.144,0,739.98,0,0,1.14067
18:43:406,6,739.98,4.86877,1.14067,848.144,18:43:40,45.6306,67.8817,-3.03702,0,848.144,0,739.98,0,0,1.14067
18:43:416,6,739.98,4.86877,1.14067,848.144,18:43:41,45.6306,67.8817,-2.98959,0,848.144,0,739.98,0,0,1.14067
18:43:426,6,739.98,4.86877,1.14067,848.144,18:43:42,45.6306,67.8817,-2.95576,0,848.144,0,739.98,0,0,1.14067
18:43:486,6,739.98,4.86877,1.14067,848.144,18:43:48,45.7936,67.9283,-1.75578,0,848.144,0,739.98,0,0,1.14067
18:43:496,6,739.98,4.86877,1.14067,848.144,18:43:49,45.7936,67.9283,-2.11222,0,848.144,0,739.98,0,0,1.14067
18:43:506,6,739.98,4.86877,1.14067,848.144,18:43:50,45.7936,67.9283,-2.29106,0,848.144,0,739.98,0,0,1.14067
18:43:516,6,739.98,4.86877,1.14067,848.144,18:43:51,45.7936,67.9283,-2.46723,0,848.144,0,739.98,0,0,1.14067
18:43:536,6,739.98,4.86877,1.14067,848.144,18:43:53,45.7936,67.9283,-2.61867,0,848.144,0,739.98,0,0,1.14067
18:43:546,6,739.98,4.86877,1.14067,848.144,18:43:54,45.7936,67.9283,-2.71507,0,848.144,0,739.98,0,0,1.14067
18:43:566,6,739.98,4.86877,1.14067,848.144,18:43:56,45.7936,67.9283,-2.88189,0,848.144,0,739.98,0,0,1.14067
18:43:576,6,739.98,4.86877,1.14067,848.144,18:43:57,45.7936,67.9283,-2.85293,0,848.144,0,739.98,0,0,1.14067
18:43:586,6,739.98,4.86877,1.14067,848.144,18:43:58,45.7936,67.9283,-2.77312,0,848.144,0,739.98,0,0,1.14067
18:43:596,6,739.98,4.86877,1.14067,848.144,18:43:59,45.7936,67.9283,-2.90167,0,848.144,0,739.98,0,0,1.14067
18:44:006,6,739.98,4.86877,1.14067,848.144,18:44:00,45.7936,67.9283,-2.89056,0,848.144,0,739.98,0,0,1.14067
18:44:066,6,739.98,4.86877,1.14067,848.144,18:44:06,46.7425,67.4818,-1.75543,0,848.144,0,739.98,0,0,1.14067
18:44:086,6,739.98,4.86877,1.14067,848.144,18:44:08,46.7425,67.4818,-2.15141,0,848.144,0,739.98,0,0,1.14067
18:44:096,6,739.98,4.86877,1.14067,848.144,18:44:09,46.7425,67.4818,-2.31094,0,848.144,0,739.98,0,0,1.14067
18:44:106,6,739.98,4.86877,1.14067,848.144,18:44:10,46.7425,67.4818,-2.39142,0,848.144,0,739.98,0,0,1.14067
18:44:116,6,739.98,4.86877,1.14067,848.144,18:44:11,46.7425,67.4818,-2.48752,0,848.144,0,739.98,0,0,1.14067
18:44:146,6,739.98,4.86877,1.14067,848.144,18:44:14,46.7425,67.4818,-2.89227,0,848.144,0,739.98,0,0,1.14067
18:44:156,6,739.98,4.86877,1.14067,848.144,18:44:15,46.7425,67.4818,-2.84197,0,848.144,0,739.98,0,0,1.14067
18:44:336,6,739.98,4.86877,1.14067,848.156,18:44:33,46.6909,67.926,-1.27784,0,848.156,0,739.98,0.012,0.012,1.14067
18:44:346,6,739.98,4.86877,1.14067,848.157,18:44:34,46.6909,67.926,-1.73005,0,848.156,0,739.98,0.001,0,1.14067
18:44:416,6,739.98,4.86877,1.14067,848.158,18:44:41,46.3037,67.8702,-1.83436,0,848.158,0,739.98,0.001,0.002,1.14067
18:45:046,6,740.236,4.86877,1.14067,848.361,18:45:04,45.4682,66.9901,-2.32119,0.637176,848.361,0.511424,740.236,0.203,0.203,1.14067
18:45:056,6,742.809,4.86877,1.14067,849.128,18:45:05,45,67.6825,2.90324,-1.1682,848.765,2.31722,741.245,0.767,0.404,1.14067
18:45:066,6,743.809,4.86877,1.14067,849.485,18:45:06,43.147,67.7271,-1.78056,2.4316,849.462,1.68289,743.462,0.357,0.697,1.14067
18:45:126,6,744.396,4.86877,1.14067,850.229,18:45:12,39.1336,70.505,2.14854,2.57393,850.162,0.299689,744.247,0.744,0.7,1.14067
18:45:366,6,745.032,4.86877,1.14067,850.752,18:45:36,46.5319,67.3286,3.03442,1.16418,850.742,0.128089,745.02,0.523,0.58,1.14067
18:46:006,6,745.367,4.86877,1.14067,851.065,18:46:00,40.5069,68.8486,-1.49966,0,851.065,0,745.367,0.313,0.323,1.14067
18:46:016,6,745.367,4.86877,1.14067,851.065,18:46:01,40.5069,68.8486,-1.65934,0,851.065,0,745.367,0,0,1.14067
18:46:026,6,745.367,4.86877,1.14067,851.065,18:46:02,40.5069,68.8486,-1.94261,0,851.065,0,745.367,0,0,1.14067
18:46:036,6,745.367,4.86877,1.14067,851.065,18:46:03,40.5069,68.8486,-2.24058,0,851.065,0,745.367,0,0,1.14067
18:46:146,6,745.367,4.86877,1.14067,851.066,18:46:14,47.0736,67.105,-1.67114,0,851.066,0,745.367,0.001,0.001,1.14067
18:46:166,6,745.367,4.86877,1.14067,851.066,18:46:16,47.0736,67.105,-2.61843,0,851.066,0,745.367,0,0,1.14067
18:46:176,6,745.367,4.86877,1.14067,851.066,18:46:17,47.0736,67.105,-3.03681,0,851.066,0,745.367,0,0,1.14067
18:46:186,6,745.367,4.86877,1.14067,851.066,18:46:18,47.0736,67.105,2.88774,0,851.066,0,745.367,0,0,1.14067
18:46:196,6,745.367,4.86877,1.14067,851.066,18:46:19,47.0736,67.105,2.5842,0,851.066,0,745.367,0,0,1.14067
18:46:336,6,745.367,4.86877,1.14067,851.066,18:46:33,46.2275,67.6123,-3.06832,0,851.066,0,745.367,0,0,1.14067
18:46:346,6,745.367,4.86877,1.14067,851.066,18:46:34,46.2275,67.6123,2.6812,0,851.066,0,745.367,0,0,1.14067
18:46:466,6,745.367,4.86877,1.14067,851.069,18:46:46,46.6999,67.2626,3.11865,0,851.066,0,745.367,0.003,0,1.14067
18:46:476,6,745.367,4.86877,1.14067,851.093,18:46:47,46.6999,67.2626,2.73843,0,851.092,0,745.367,0.024,0.026,1.14067
18:46:496,6,745.367,4.86877,1.14067,851.119,18:46:49,46.6999,67.2626,2.48963,0,851.115,0,745.367,0.026,0.023,1.14067
18:46:506,6,745.367,4.86877,1.14067,851.121,18:46:50,46.6999,67.2626,2.26007,0,851.119,0,745.367,0.002,0.004,1.14067
18:46:526,6,745.367,4.86877,1.14067,851.125,18:46:52,46.6999,67.2626,2.28456,0,851.124,0,745.367,0.004,0.005,1.14067
18:46:536,6,745.367,4.86877,1.14067,851.125,18:46:53,46.6999,67.2626,2.27024,0,851.125,0,745.367,0,0.001,1.14067
18:46:546,6,745.367,4.86877,1.14067,851.125,18:46:54,46.6999,67.2626,2.34133,0,851.125,0,745.367,0,0,1.14067
18:46:556,6,745.367,4.86877,1.14067,851.125,18:46:55,46.6999,67.2626,2.3589,0,851.125,0,745.367,0,0,1.14067
18:46:576,6,745.367,4.86877,1.14067,851.125,18:46:57,46.6999,67.2626,2.41355,0,851.125,0,745.367,0,0,1.14067
18:47:356,6,745.367,4.86877,1.14067,851.2,18:47:35,45.81,67.7844,-1.97807,0,851.192,0,745.367,0.075,0.067,1.14067
18:47:376,6,745.367,4.86877,1.14067,851.252,18:47:37,45.81,67.7844,0.695625,0,851.252,0,745.367,0.052,0.06,1.14067
18:47:386,6,745.367,4.86877,1.14067,851.268,18:47:38,45.81,67.7844,2.16983,0,851.267,0,745.367,0.016,0.015,1.14067
18:47:466,6,745.367,4.86877,1.14067,851.289,18:47:46,47.2103,67.1696,-2.51329,0,851.288,0,745.367,0.021,0.021,1.14067
18:47:476,6,745.367,4.86877,1.14067,851.29,18:47:47,47.2103,67.1696,-2.75356,0,851.289,0,745.367,0.001,0.001,1.14067
18:47:496,6,745.367,4.86877,1.14067,851.301,18:47:49,47.2103,67.1696,2.43607,0,851.299,0,745.367,0.011,0.01,1.14067
18:47:506,6,745.367,4.86877,1.14067,851.302,18:47:50,47.2103,67.1696,2.18652,0,851.302,0,745.367,0.001,0.003,1.14067
18:47:516,6,745.367,4.86877,1.14067,851.304,18:47:51,47.2103,67.1696,1.96311,0,851.303,0,745.367,0.002,0.001,1.14067
18:47:526,6,745.367,4.86877,1.14067,851.304,18:47:52,47.2103,67.1696,1.77025,0,851.304,0,745.367,0,0.001,1.14067
18:47:536,6,745.367,4.86877,1.14067,851.304,18:47:53,47.2103,67.1696,1.59602,0,851.304,0,745.367,0,0,1.14067
18:47:546,6,745.367,4.86877,1.14067,851.304,18:47:54,47.2103,67.1696,1.44826,0,851.304,0,745.367,0,0,1.14067
18:48:186,6,745.367,4.86877,1.14067,851.308,18:48:18,45.8018,67.9286,-2.45735,0,851.308,0,745.367,0.004,0.004,1.14067
18:48:196,6,745.367,4.86877,1.14067,851.309,18:48:19,45.8018,67.9286,-2.6206,0,851.309,0,745.367,0.001,0.001,1.14067
18:48:216,6,747.56,4.86877,1.14067,851.31,18:48:21,44.2861,68.4946,-3.0393,-1.3233,851.31,3.25753,747.023,0.001,0.001,1.14067
